missing_data_mechanism,missing_data_rate,missing_edge_rate,n_samples,n,MAE,RMSE,bias,median_abs_error,RelativeSlopeError
biological_error,0.0,0.0,100,2533,0.08486597285188428,0.10827294550152715,0.001642758738526123,0.06935332045278092,0.6599746223911156
biological_error,0.0,0.0,500,2533,0.03766984935649416,0.048180521762628235,-0.0008467814154600342,0.03022907571673089,0.2873586750795529
biological_error,0.0,0.0,1000,2533,0.026918115634756556,0.03450895855550931,-9.363475213910858e-05,0.0218679434884147,0.20767376356753883
biological_error,0.0,0.0,5000,2533,0.013987688483712289,0.019794356061351423,0.0004930110032087592,0.010703960790038894,0.1077246662488236
biological_error,0.0,0.0,10000,2533,0.011149672336052407,0.01738797211473918,0.0005608333533768154,0.0076298011027359225,0.08645070506570599
biological_error,0.0,0.0,50000,2533,0.007238637795417778,0.014922029836949029,0.0006628182612805876,0.0034584344611934964,0.05626309482279502
biological_error,0.0,0.0,100000,2533,0.006369804771392443,0.014711654922695274,0.0005742083427028803,0.002491317016728195,0.04953791928501776
biological_error,0.0,0.2,100,2533,0.08726173014947794,0.11365524672426248,-0.0006327502852730144,0.06845999550200099,0.539136284189873
biological_error,0.0,0.2,500,2533,0.0423980664638594,0.05752571219046685,-0.001954937864709695,0.0327425736379295,0.2601966243316476
biological_error,0.0,0.2,1000,2533,0.03199262431938165,0.046256963890328136,-0.0010665669757163208,0.023665055768554988,0.1983285122179582
biological_error,0.0,0.2,5000,2533,0.019834639588460955,0.035367198127179665,-4.515845197883114e-05,0.011423703779700006,0.12305304143163213
biological_error,0.0,0.2,10000,2533,0.01725467754203886,0.03374595742153818,4.9025979300666715e-05,0.008689743013093193,0.10726335504375352
biological_error,0.0,0.2,50000,2533,0.013822274147476282,0.032100270961443626,6.447075006332095e-05,0.004251543273266295,0.08546289293749416
biological_error,0.0,0.4,100,2533,0.0859609117327741,0.11110326592221235,0.0010011329741859238,0.0695793298700193,0.5697885512432903
biological_error,0.0,0.4,500,2533,0.040345658091226706,0.054923790836217665,-0.001399663055333627,0.031068917126803097,0.2667060402615095
biological_error,0.0,0.4,1000,2533,0.030601252404361408,0.04449636340798788,-0.0003082707532925932,0.023778858489828705,0.20379381149861678
biological_error,0.0,0.4,5000,2533,0.018606615837512757,0.032365771834188546,0.00019259603244069587,0.011561225668430486,0.12191115307770417
biological_error,0.0,0.4,10000,2533,0.016116305027593144,0.03086522715207518,0.00018995269999240376,0.008997910557355798,0.1044257597920636
biological_error,0.0,0.4,50000,2533,0.013102810307402214,0.030103176266253237,0.0001252331313664331,0.004859112994578793,0.0839595776173142
biological_error,0.0,0.4,100000,2533,0.012421160347304047,0.0299831081406597,-3.376765329322262e-05,0.003624847463117198,0.0792760324121922
biological_error,0.0,0.6,100,2533,0.10109910955618362,0.1392495867980299,-0.0015990861797507267,0.07776345753247232,0.5157363769972315
biological_error,0.0,0.6,500,2533,0.06133779064573586,0.09914969608770949,-0.0027114365258425373,0.0410320783601551,0.3086289556313777
biological_error,0.0,0.6,1000,2533,0.05169210050996122,0.09116533875144606,-0.0027678877815745136,0.030328705755038987,0.25909743630523496
biological_error,0.0,0.6,5000,2533,0.04298418586898077,0.08493714540150177,-0.001886693264475047,0.018028532330592484,0.21472372679682378
biological_error,0.0,0.6,10000,2533,0.0409470921828372,0.08407463399943628,-0.0017570442450211942,0.014726316118579302,0.20395387681674285
biological_error,0.0,0.6,50000,2533,0.03868604342165186,0.08322672343215785,-0.001955060681615144,0.01080700593563011,0.19311042352025048
biological_error,0.0,0.6,100000,2533,0.03845452115385412,0.08351980562620456,-0.002006758985986489,0.009683620083780792,0.19218998408634225
biological_error,0.9,0.0,100,2533,0.18172806080650183,0.23774249417719892,0.001525288545225985,0.1564757988564875,1.1778778370736334
biological_error,0.9,0.0,500,2533,0.1527470744060907,0.179270876988516,0.002541324070598236,0.1396656419291496,0.9204391710197749
biological_error,0.9,0.0,1000,2533,0.15113265776696178,0.17512506697529934,0.0030516397921551727,0.1384134338347682,0.9055938895099642
biological_error,0.9,0.0,5000,2533,0.15053180829470378,0.1719803068383413,0.002682792313611059,0.13510345099839288,0.9013488247752438
biological_error,0.9,0.0,10000,2533,0.15072205020765983,0.17193844101884878,0.0027412442014105106,0.1335881117580303,0.9032070686628529
biological_error,0.9,0.0,50000,2533,0.15085065357387367,0.17158840275337628,0.002685015104936808,0.1333339415738839,0.9047712868237333
biological_error,0.9,0.0,100000,2533,0.15076642423061848,0.17146019661022377,0.002677628995495837,0.1327076104173996,0.9038247565667532
biological_error,0.9,0.2,100,2533,0.21084919757070028,0.2525267333409819,0.0045648372076657175,0.1854006920796063,1.080661891809517
biological_error,0.9,0.2,500,2533,0.18865056015302253,0.2175987898447028,0.008014281951158539,0.17009272750472562,0.9187543695744418
biological_error,0.9,0.2,1000,2533,0.1873170951732203,0.21385367740630712,0.008707959515000075,0.1681366085043582,0.9068626173904095
biological_error,0.9,0.2,5000,2533,0.18721428243808494,0.21133851742015555,0.008382435776712155,0.1669531353376123,0.9041549531373476
biological_error,0.9,0.2,10000,2533,0.18734782733420322,0.21119426317265885,0.0085341541300018,0.1666078590435161,0.905055582747576
biological_error,0.9,0.2,50000,2533,0.1876165309185654,0.21133338478018285,0.008519617030960387,0.166504006481653,0.9058651196442415
biological_error,0.9,0.2,100000,2533,0.187602861347087,0.21127120152189544,0.008588170335111684,0.1665074853698851,0.9058933983690096
biological_error,0.9,0.4,100,2533,0.1995302212517882,0.2486809918434426,0.006666292010132983,0.1703284439896779,1.1015581061056217
biological_error,0.9,0.4,500,2533,0.17448198881097765,0.20263797402730055,0.007979291637755279,0.1571167825866011,0.9211457748376922
biological_error,0.9,0.4,1000,2533,0.17313387856556145,0.1985174863339346,0.008409020162687084,0.15580437569738362,0.9096606675998629
biological_error,0.9,0.4,5000,2533,0.17268020207466442,0.19560709842187857,0.007365244694823053,0.1543525006256224,0.9044250147579459
biological_error,0.9,0.4,10000,2533,0.17266972378081155,0.1952429110528982,0.007541016161904701,0.15450205228821962,0.905038097786176
biological_error,0.9,0.4,50000,2533,0.17294347376618596,0.19527181360954232,0.0074341574228123375,0.1538578456986964,0.90611269051729
biological_error,0.9,0.4,100000,2533,0.17287911382709434,0.1951157142354548,0.007440642417747191,0.1541947298359745,0.9061073860766791
biological_error,0.9,0.6,100,2533,0.2522799654471751,0.30852690623772644,0.010743612169779822,0.2183827386644235,1.059552392869553
biological_error,0.9,0.6,500,2533,0.2296367990272057,0.2645377694012422,0.008130657857440946,0.20839708392163359,0.9209515137633568
biological_error,0.9,0.6,1000,2533,0.22960011762641638,0.2622576119935164,0.009094395087483727,0.2044254502061412,0.917376421075072
biological_error,0.9,0.6,5000,2533,0.22885771418371495,0.2594113647846711,0.008119831535649534,0.2042319846218096,0.9102350287149211
biological_error,0.9,0.6,10000,2533,0.2289851233090755,0.2595043716049571,0.008111674832810199,0.2030930166391032,0.9106563788470048
biological_error,0.9,0.6,50000,2533,0.22915182052800523,0.2593783458095125,0.00844613641768533,0.2022784949331141,0.9114843473783394
biological_error,0.9,0.6,100000,2533,0.229129462207088,0.25935657490373926,0.008524461604516014,0.2026825149993849,0.9112285452026498
biological_error,0.95,0.0,100,2533,0.1888311873913388,0.28163684647681203,0.005376249035348071,0.1514692218156861,1.19781402029189
biological_error,0.95,0.0,500,2533,0.16238719823454248,0.18883324407805863,0.0024555152453263574,0.14556143147508818,0.9881769238046841
biological_error,0.95,0.0,1000,2533,0.15960243591891995,0.18451639538668216,0.0018279912655480251,0.1436558968024771,0.9621205213245563
biological_error,0.95,0.0,5000,2533,0.15898799247169204,0.18170762073589136,0.002645691767368352,0.14086136919407952,0.9511211810688487
biological_error,0.95,0.0,10000,2533,0.15895400873526838,0.18135432399606097,0.0023306227845216175,0.1402357579850328,0.9519894080762873
biological_error,0.95,0.0,50000,2533,0.15884384506587887,0.18074570521313887,0.0022050421257592528,0.1402238478452782,0.9516606572403722
biological_error,0.95,0.2,100,2533,0.21953583731067605,0.2696770784302935,0.009388772219424142,0.1852489311209474,1.1043784167845534
biological_error,0.95,0.2,500,2533,0.1990781564719321,0.22804895563364783,0.007448497207124773,0.1798001537363847,0.9750059898260545
biological_error,0.95,0.2,1000,2533,0.19671557510280765,0.2239829651448934,0.0068517271709291495,0.1773427123229806,0.9552032629145473
biological_error,0.95,0.2,5000,2533,0.1975280946344743,0.22292493750997577,0.008144516367469816,0.175375163385949,0.9528333135130201
biological_error,0.95,0.2,10000,2533,0.1974067173123561,0.2224422611092322,0.007754971733329414,0.1753215489194315,0.953250816194475
biological_error,0.95,0.2,50000,2533,0.19744642679032365,0.22235971801327134,0.0076973644109344435,0.1749032639407667,0.9527543843785496
biological_error,0.95,0.2,100000,2533,0.1974534883349285,0.22234987806308212,0.007695959319211471,0.1749546216182744,0.9528648689686261
biological_error,0.95,0.4,100,2533,0.20577997933989486,0.25769511044291016,0.008435903658364769,0.1745384397743669,1.1210708227178126
biological_error,0.95,0.4,500,2533,0.18518675688709044,0.2126386863649132,0.006962097252066093,0.1656197570947192,0.9865768982336373
biological_error,0.95,0.4,1000,2533,0.1825609980728883,0.2084785699370764,0.006522699813409142,0.1630962517718616,0.9628526991514988
biological_error,0.95,0.4,5000,2533,0.18209574929171732,0.20579692801765156,0.007052983437096876,0.1634475337785525,0.9548999156660862
biological_error,0.95,0.4,10000,2533,0.18189232352493434,0.2053094858307037,0.0067777996409076145,0.16240960425359238,0.953926146098276
biological_error,0.95,0.4,50000,2533,0.18184335707560575,0.2052736548947625,0.00666736217897056,0.16159314516918588,0.9526449239480668
biological_error,0.95,0.4,100000,2533,0.18193506713831303,0.20531215457069646,0.006632241910146717,0.162364808743838,0.9533850341369816
biological_error,0.95,0.6,100,2533,0.26875685710058256,0.34652782641163715,0.006098184265076006,0.2248111570848373,1.1029374084624304
biological_error,0.95,0.6,500,2533,0.24372452793205177,0.27903609826769515,0.006141724751799772,0.2183428971153155,0.9792343607383865
biological_error,0.95,0.6,1000,2533,0.24176585727284003,0.2751844801005323,0.0068055388628231635,0.21673282421492962,0.9658332267758394
biological_error,0.95,0.6,5000,2533,0.24060833750046998,0.2722391229384127,0.005939958229122877,0.2134811505531258,0.9551191058455021
biological_error,0.95,0.6,10000,2533,0.2407203141266458,0.27213506556695555,0.005708416812719056,0.2137946833303243,0.9560145748368853
biological_error,0.95,0.6,50000,2533,0.24031708358551077,0.2715175764093188,0.0058359941981729405,0.2117308424084955,0.9543793168767702
biological_error,0.95,0.6,100000,2533,0.24046984299724794,0.2716796512498281,0.005919243438926668,0.2110942338494714,0.954928430038543
biological_error,0.99,0.0,100,2533,0.19265144782411914,0.35017894297818836,-0.0019871580582829737,0.1508832947620798,1.174871534201287
biological_error,0.99,0.0,500,2533,0.170395220783567,0.1978901038364936,-0.00033372993240610155,0.1477510383865454,1.0241078127151664
biological_error,0.99,0.0,1000,2533,0.1678606177217781,0.19262730641104842,0.0016659606901791215,0.1474889539676415,1.0100758283698545
biological_error,0.99,0.0,5000,2533,0.16533773801604698,0.1888170991211225,0.0017548830786410492,0.14600377228118802,0.9914349205799399
biological_error,0.99,0.0,10000,2533,0.16525007862300917,0.1883035506721826,0.0014128962505281192,0.1456962104936677,0.9895389963538583
biological_error,0.99,0.0,50000,2533,0.16536683994653106,0.18811670432611116,0.001407349726471775,0.14559761156386689,0.9904633465136709
biological_error,0.99,0.0,100000,2533,0.1653308620062936,0.18801508163945738,0.0014016872072673803,0.14540841083455208,0.9903119755002593
biological_error,0.99,0.2,100,2533,0.21372837610032366,0.2659778124745351,0.005100435296367914,0.184121045377405,1.0396123711016736
biological_error,0.99,0.2,500,2533,0.2098416510176688,0.2397701985206159,0.004762600054474738,0.18411663843626783,1.0213948718774126
biological_error,0.99,0.2,1000,2533,0.20747062622394952,0.23498230282612467,0.006367666658637689,0.1837481276991872,1.0075545772221663
biological_error,0.99,0.2,5000,2533,0.20517507102744234,0.23218799635509368,0.007001074213290017,0.18252926607784062,0.9872826561769292
biological_error,0.99,0.2,10000,2533,0.20522013062100877,0.23178555932503603,0.006755467990947446,0.1812620635175684,0.9881269652990391
biological_error,0.99,0.2,50000,2533,0.20532298654827458,0.23136621617768757,0.006570496590831143,0.181131209996674,0.9897323665860744
biological_error,0.99,0.2,100000,2533,0.20528881236563426,0.2312743448702735,0.006588020761619054,0.18145405784189197,0.9898339446341248
biological_error,0.99,0.4,100,2533,0.19821382002848056,0.24979029092606564,0.003084719169926615,0.1716089211121233,1.0406999565412351
biological_error,0.99,0.4,500,2533,0.19499645316512884,0.2259374936921497,0.002128605854936907,0.1707749456615017,1.0301145238730798
biological_error,0.99,0.4,1000,2533,0.19267444611242002,0.21966888362706335,0.00435835299486213,0.17041023808166392,1.0164846974811046
biological_error,0.99,0.4,5000,2533,0.18901918487964886,0.21378551607633875,0.005752278145714285,0.1696617039974464,0.9912009273239211
biological_error,0.99,0.4,10000,2533,0.18883260029796303,0.2133286633606814,0.005558688143417524,0.16877224167943558,0.9897920779739376
biological_error,0.99,0.4,50000,2533,0.18901813540332796,0.21328670598406607,0.005552547069530465,0.1690929210420989,0.9902448186623255
biological_error,0.99,0.4,100000,2533,0.18903743067879183,0.21329664918205204,0.005589404776902525,0.169432557745007,0.9902595194993385
biological_error,0.99,0.6,100,2533,0.31595990256698064,2.704418543241537,0.05479484039818952,0.2236734920030921,1.4692846822928465
biological_error,0.99,0.6,500,2533,0.2554885484152339,0.29106108033743283,0.001835308937208171,0.22291375150394982,1.0191606380230998
biological_error,0.99,0.6,1000,2533,0.25361573127553944,0.2881197770424521,0.003561424689421891,0.2230104896659142,1.0103808660489313
biological_error,0.99,0.6,5000,2533,0.2501864901158599,0.2833027502155097,0.0036833877959063627,0.2209389114990606,0.9913457533253482
biological_error,0.99,0.6,10000,2533,0.2500178535696394,0.2827533959071692,0.0034858717469188906,0.2202485494245586,0.9916040560621494
biological_error,0.99,0.6,50000,2533,0.24978663952235222,0.28225578919046496,0.0031513979099681137,0.2198049874446687,0.9903322599940909
biological_error,0.99,0.6,100000,2533,0.24983572273206478,0.2822264478429103,0.0031354251251032484,0.2189087257457272,0.9907798768615098
biological_error+instrument_error,0.0,0.0,100,2533,0.08486597285188431,0.10827294550152718,0.001642758738526137,0.06935332045278081,0.6599746223911156
biological_error+instrument_error,0.0,0.0,500,2533,0.037669849356494145,0.04818052176262822,-0.0008467814154600412,0.030229075716730502,0.28735867507955287
biological_error+instrument_error,0.0,0.0,1000,5066,0.026918115634756556,0.03450895855550931,-9.363475213910456e-05,0.0218679434884147,0.20767376356753886
biological_error+instrument_error,0.0,0.0,5000,2533,0.013987688483712298,0.01979435606135142,0.0004930110032087777,0.010703960790038991,0.10772466624882367
biological_error+instrument_error,0.0,0.0,10000,2533,0.011149672336052406,0.017387972114739178,0.0005608333533768218,0.0076298011027359225,0.08645070506570596
biological_error+instrument_error,0.0,0.0,50000,2533,0.007238637795417778,0.01492202983694902,0.0006628182612805764,0.0034584344611936005,0.056263094822795005
biological_error+instrument_error,0.0,0.0,100000,2533,0.006369804771392445,0.014711654922695275,0.0005742083427028712,0.002491317016728195,0.049537919285017766
biological_error+instrument_error,0.0,0.2,100,2533,0.08726173014947797,0.11365524672426248,-0.0006327502852730156,0.06845999550200119,0.5391362841898731
biological_error+instrument_error,0.0,0.2,500,2533,0.04239806646385941,0.05752571219046685,-0.0019549378647097026,0.03274257363792969,0.26019662433164764
biological_error+instrument_error,0.0,0.2,1000,2533,0.03199262431938165,0.04625696389032813,-0.0010665669757163202,0.023665055768554488,0.19832851221795816
biological_error+instrument_error,0.0,0.2,5000,2533,0.01983463958846095,0.03536719812717966,-4.515845197883972e-05,0.011423703779699895,0.12305304143163208
biological_error+instrument_error,0.0,0.2,10000,2533,0.01725467754203886,0.033745957421538186,4.9025979300662256e-05,0.008689743013092902,0.1072633550437535
biological_error+instrument_error,0.0,0.2,50000,2533,0.013822274147476277,0.03210027096144362,6.447075006336675e-05,0.004251543273266378,0.08546289293749414
biological_error+instrument_error,0.0,0.2,100000,2533,0.01303721777335292,0.0320332803810994,2.981385161745384e-05,0.003039208976818586,0.0804865813463018
biological_error+instrument_error,0.0,0.4,100,2533,0.0859609117327741,0.11110326592221237,0.001001132974185925,0.06957932987001919,0.5697885512432903
biological_error+instrument_error,0.0,0.4,500,2533,0.040345658091226706,0.054923790836217665,-0.0013996630553336279,0.031068917126803097,0.26670604026150946
biological_error+instrument_error,0.0,0.4,1000,2533,0.030601252404361408,0.04449636340798788,-0.0003082707532925644,0.023778858489828705,0.20379381149861678
biological_error+instrument_error,0.0,0.4,5000,2533,0.018606615837512757,0.03236577183418854,0.00019259603244069668,0.011561225668430708,0.12191115307770414
biological_error+instrument_error,0.0,0.4,10000,2533,0.01611630502759314,0.03086522715207518,0.00018995269999238327,0.008997910557355798,0.10442575979206359
biological_error+instrument_error,0.0,0.4,50000,2533,0.013102810307402218,0.030103176266253234,0.00012523313136641475,0.00485911299457889,0.08395957761731421
biological_error+instrument_error,0.0,0.4,100000,2533,0.012421160347304052,0.029983108140659714,-3.376765329323003e-05,0.003624847463117295,0.07927603241219223
biological_error+instrument_error,0.0,0.6,100,5066,0.10109910955618362,0.1392495867980299,-0.0015990861797507503,0.07776345753247244,0.5157363769972315
biological_error+instrument_error,0.0,0.6,500,2533,0.06133779064573586,0.09914969608770949,-0.0027114365258425303,0.0410320783601551,0.3086289556313777
biological_error+instrument_error,0.0,0.6,1000,2533,0.05169210050996122,0.09116533875144607,-0.0027678877815745166,0.030328705755038793,0.259097436305235
biological_error+instrument_error,0.0,0.6,5000,2533,0.042984185868980763,0.08493714540150174,-0.001886693264475068,0.018028532330592095,0.21472372679682378
biological_error+instrument_error,0.0,0.6,10000,2533,0.0409470921828372,0.08407463399943627,-0.0017570442450211797,0.014726316118579302,0.20395387681674285
biological_error+instrument_error,0.0,0.6,50000,2533,0.03868604342165185,0.08322672343215785,-0.0019550606816151586,0.010807005935630332,0.1931104235202504
biological_error+instrument_error,0.0,0.6,100000,2533,0.038454521153854115,0.08351980562620455,-0.0020067589859864812,0.009683620083780708,0.19218998408634222
biological_error+instrument_error,0.9,0.0,100,2533,0.19261266388683182,0.26939960679820213,0.001573674723963006,0.156786781939342,1.2619224903832187
biological_error+instrument_error,0.9,0.0,500,2533,0.1608525294707856,0.18705310067173112,0.0037957458748209107,0.1444574856619473,0.9724013946007533
biological_error+instrument_error,0.9,0.0,1000,2533,0.15985036312100012,0.18414585616461573,0.003491937293079857,0.1436149674035991,0.9615277147605863
biological_error+instrument_error,0.9,0.0,5000,2533,0.15855293139575297,0.18076692773876676,0.003148867757718301,0.1409212754673324,0.9504304576840296
biological_error+instrument_error,0.9,0.0,10000,2533,0.15844917591557237,0.18040044549979806,0.003057127338861433,0.14069848753996458,0.9499599331384411
biological_error+instrument_error,0.9,0.0,50000,2533,0.15849007581517677,0.18015755866985603,0.002770225523651227,0.14002901557034,0.9502346289763707
biological_error+instrument_error,0.9,0.0,100000,2533,0.1583897304049199,0.18006221753762158,0.00278529608947067,0.1399570706757946,0.9491487142657449
biological_error+instrument_error,0.9,0.2,100,2533,0.2284921138244176,0.30431878983656885,0.006675348093534277,0.1881249251808271,1.155450817601333
biological_error+instrument_error,0.9,0.2,500,2533,0.1992850474257998,0.22986413576816095,0.010312624031294104,0.1788386298072303,0.9632216361081486
biological_error+instrument_error,0.9,0.2,1000,2533,0.19777497523877666,0.22575964449151742,0.00972613086530431,0.1772854912377748,0.9537189146347201
biological_error+instrument_error,0.9,0.2,5000,2533,0.19650728433120196,0.2218244233168124,0.008887013809388339,0.17501770613477288,0.9486832638811998
biological_error+instrument_error,0.9,0.2,10000,2533,0.19640660683686198,0.22134113073537473,0.008931149883420012,0.1749931669822569,0.9484377162298345
biological_error+instrument_error,0.9,0.2,50000,2533,0.1968210060844844,0.22158436107088972,0.00870925695817112,0.1752420546715054,0.9501801838873861
biological_error+instrument_error,0.9,0.2,100000,2533,0.1967528654432725,0.22147825702323923,0.00874288037373916,0.17465833224677468,0.949999953442645
biological_error+instrument_error,0.9,0.4,100,2533,0.21180771879179563,0.2670374383726753,0.008326118706332448,0.1786082944430175,1.1656257918115018
biological_error+instrument_error,0.9,0.4,500,2533,0.18337170649655513,0.21168301223498892,0.009282292335077288,0.166112024156483,0.970849102523071
biological_error+instrument_error,0.9,0.4,1000,2533,0.1821084475398586,0.2081050558091069,0.008436281599658074,0.1629917647422997,0.9588404225034249
biological_error+instrument_error,0.9,0.4,5000,2533,0.18149093577443415,0.205482051032507,0.007590313133253163,0.16289422955499058,0.9501195629353175
biological_error+instrument_error,0.9,0.4,10000,2533,0.18123724133215383,0.2048740467182941,0.007591216540951817,0.1615051981006988,0.9490735899780072
biological_error+instrument_error,0.9,0.4,50000,2533,0.181447418305505,0.2047555025086041,0.007357283078314429,0.1616483189755118,0.9509067952018438
biological_error+instrument_error,0.9,0.6,100,2533,0.26538282719698697,0.3253110855393571,0.008349910135398446,0.2269986278695557,1.0806783800127655
biological_error+instrument_error,0.9,0.6,500,2533,0.24081065487755127,0.27791960985933056,0.010069600003014547,0.2143687307748011,0.9615534697387504
biological_error+instrument_error,0.9,0.6,1000,2533,0.24032059197631442,0.274591159343628,0.009803221547904842,0.2119674128096595,0.9581437806133352
biological_error+instrument_error,0.9,0.6,5000,2533,0.23930330448328876,0.2712169360827011,0.008654595224570613,0.2117938320368307,0.9501365429091931
biological_error+instrument_error,0.9,0.6,10000,2533,0.23920356497225853,0.2706822496443791,0.008573772545562318,0.2118393488010019,0.9494535080463637
biological_error+instrument_error,0.9,0.6,50000,2533,0.23923854045875995,0.2704655956195896,0.008507765068818594,0.2106037102127529,0.9500371824117808
biological_error+instrument_error,0.9,0.6,100000,2533,0.23914837864496408,0.27028764924151616,0.008474408560173986,0.2102425403020768,0.9498665831174964
biological_error+instrument_error,0.95,0.0,100,2533,0.19758804622386797,0.3037963852015565,0.0036543572983653216,0.1536313399340305,1.2631016349229929
biological_error+instrument_error,0.95,0.0,500,2533,0.1682021095992741,0.19716825594523354,0.004267461308386395,0.1478342912428735,1.0210055689628381
biological_error+instrument_error,0.95,0.0,1000,2533,0.1651239259483654,0.1904595411079809,0.0033392927293892124,0.1473358883255556,0.9976095849606523
biological_error+instrument_error,0.95,0.0,5000,2533,0.16292977963109526,0.18599922697737187,0.0025989988622283485,0.1446244105576476,0.9754710724425086
biological_error+instrument_error,0.95,0.0,10000,2533,0.162784251746165,0.18547086312974254,0.0025087786363670495,0.1445269470447735,0.9758960275437363
biological_error+instrument_error,0.95,0.0,50000,2533,0.16269956073682865,0.1850801112229201,0.002167331231185546,0.1439879977640458,0.9745000366792312
biological_error+instrument_error,0.95,0.2,100,2533,0.23543509989617764,0.3711633402585546,0.009340096394950216,0.18920201283162932,1.1642768170928721
biological_error+instrument_error,0.95,0.2,500,2533,0.20538501516549554,0.23639638647124825,0.010201793984711988,0.1817367529212432,0.9978539185287835
biological_error+instrument_error,0.95,0.2,1000,2533,0.2029583292220784,0.2312137154625942,0.008940812538770439,0.1825758005663071,0.9801750956975789
biological_error+instrument_error,0.95,0.2,5000,2533,0.20202513402476444,0.228021823715507,0.00813784998377466,0.179112154374468,0.9749333652856662
biological_error+instrument_error,0.95,0.2,10000,2533,0.2019975515397816,0.22770078212896552,0.008012775636121273,0.1787922946188619,0.9745960504680046
biological_error+instrument_error,0.95,0.2,50000,2533,0.20207503104007085,0.2275924811059342,0.00774546210650657,0.1791677211294815,0.9748285085664429
biological_error+instrument_error,0.95,0.2,100000,2533,0.20209067887164756,0.2275991452640852,0.007715299199159123,0.1788173776144139,0.9749618322309457
biological_error+instrument_error,0.95,0.4,100,2533,0.221764184893146,0.3873337400177454,0.00750521136775667,0.1767233710798764,1.2079004924304129
biological_error+instrument_error,0.95,0.4,500,2533,0.1907429445093201,0.220548630063496,0.008026686526094706,0.1685679163790233,1.0162784362163766
biological_error+instrument_error,0.95,0.4,1000,2533,0.18832758932201688,0.21463499153162993,0.00694148698743634,0.1684536551255771,0.9921167441563479
biological_error+instrument_error,0.95,0.4,5000,2533,0.1862777491093191,0.21083899370933837,0.007102888895953328,0.1669034976906245,0.974800652305945
biological_error+instrument_error,0.95,0.4,10000,2533,0.18607222421629827,0.21018839197967126,0.007042410811543912,0.1661823790941434,0.9747661102162389
biological_error+instrument_error,0.95,0.4,50000,2533,0.18605695330681069,0.20995609319945494,0.006604832342643844,0.1654266250246954,0.9749137810035331
biological_error+instrument_error,0.95,0.4,100000,2533,0.18611779995939418,0.20997843630827615,0.006594461516138421,0.1655633808304727,0.9753928269303487
biological_error+instrument_error,0.95,0.6,100,2533,0.2737748582330328,0.3583839121167606,0.0120001554465255,0.22807542695475508,1.1130035936012763
biological_error+instrument_error,0.95,0.6,500,2533,0.2505629142613636,0.28907287781078517,0.00803084833456581,0.21968940503745668,1.0062430414888524
biological_error+instrument_error,0.95,0.6,1000,2533,0.247828028979639,0.282428639785816,0.007514329095274063,0.21790992937107528,0.9904737713588543
biological_error+instrument_error,0.95,0.6,5000,2533,0.24612222530132505,0.27868293059631893,0.005693590337432282,0.217205450042341,0.9768930156862381
biological_error+instrument_error,0.95,0.6,10000,2533,0.24595605991164315,0.2781492597692347,0.005568577513907923,0.2173630776439655,0.9753602840300486
biological_error+instrument_error,0.95,0.6,50000,2533,0.24551352496034592,0.27738240478246745,0.0056596670164017465,0.21613902483388142,0.9742113553236905
biological_error+instrument_error,0.95,0.6,100000,2533,0.24559742343302576,0.2774420668020952,0.005698969791090907,0.21613544984768862,0.9745381275215352
biological_error+instrument_error,0.99,0.0,100,2533,0.18216514188315047,0.3302602807117724,-0.012141749372256816,0.1492013653694172,1.1024820174102954
biological_error+instrument_error,0.99,0.0,500,2533,0.17080695422703038,0.20183872813189702,0.0012015289964264703,0.14839450791804099,1.029127627485161
biological_error+instrument_error,0.99,0.0,1000,2533,0.16777032818036322,0.19257945373698698,0.0022832754514396877,0.14737643687826338,1.0077747830932542
biological_error+instrument_error,0.99,0.0,5000,2533,0.16622225975924887,0.1899373051258582,0.0018514745486016625,0.1472023782940133,0.9944651297610757
biological_error+instrument_error,0.99,0.0,10000,7599,0.16609465869698534,0.1893142350283243,0.0016540886221177399,0.1471480558921127,0.9940556150818625
biological_error+instrument_error,0.99,0.0,50000,2533,0.16613553749980794,0.18902187427326309,0.0013851351363380036,0.1463087460133652,0.994440951726006
biological_error+instrument_error,0.99,0.2,100,2533,0.21373547030545864,0.2655346655364637,0.005300053923443441,0.1840993653260664,1.0340339891177646
biological_error+instrument_error,0.99,0.2,500,2533,0.2116301634523467,0.2492024811012396,0.005906338232091784,0.1836636249939686,1.0258040970612936
biological_error+instrument_error,0.99,0.2,1000,2533,0.2074946683056509,0.23493592794428278,0.006771916458038813,0.18297587035873272,1.0039473368132512
biological_error+instrument_error,0.99,0.2,5000,2533,0.20619190476823565,0.2330139956738721,0.006612225908801409,0.1833063780494951,0.9940535648127433
biological_error+instrument_error,0.99,0.2,10000,2533,0.20623002275949873,0.23266325849407118,0.006521335548841327,0.18209180043825052,0.9941506344485158
biological_error+instrument_error,0.99,0.2,50000,2533,0.20633212504701373,0.2325033132354503,0.006595979797524812,0.1814508112031055,0.9946061968412067
biological_error+instrument_error,0.99,0.2,100000,2533,0.20633763845035413,0.2324530338028093,0.006689717719715498,0.1820320145455264,0.9950206204854884
biological_error+instrument_error,0.99,0.4,100,2533,0.20014195267424797,0.312635145730359,-0.001834741156920521,0.170624711790327,1.0579700787690043
biological_error+instrument_error,0.99,0.4,500,2533,0.1934968198391978,0.22117123688151247,0.005615516762589584,0.16995877865199718,1.0177591550507976
biological_error+instrument_error,0.99,0.4,1000,2533,0.19200109000239451,0.21793595824325288,0.005485933669407494,0.1700602014782647,1.012157047708443
biological_error+instrument_error,0.99,0.4,5000,2533,0.19020591129841047,0.21508245073558419,0.0058475861929393295,0.16914312025317949,0.9976385890500534
biological_error+instrument_error,0.99,0.4,10000,2533,0.19001541836393052,0.21451239487117268,0.0057289270817756565,0.1691846314565487,0.9973382790994042
biological_error+instrument_error,0.99,0.4,50000,2533,0.18993502434724066,0.21434869795953193,0.005499621709839994,0.170457699578027,0.9951129526318313
biological_error+instrument_error,0.99,0.4,100000,2533,0.1899191722608934,0.21430552872741837,0.005598456912798168,0.1693219957543043,0.9948203714477029
biological_error+instrument_error,0.99,0.6,100,2533,0.3116810318128142,2.70200702626431,0.059147630329199175,0.2221029242683349,1.447392246875557
biological_error+instrument_error,0.99,0.6,500,2533,0.25453069276040935,0.29075382829558294,0.004876475933483076,0.2213156079691746,1.0161084699857963
biological_error+instrument_error,0.99,0.6,1000,10132,0.25311627546663595,0.28854250314504826,0.003151043605306421,0.22095656183974519,1.0062299680469278
biological_error+instrument_error,0.99,0.6,5000,2533,0.2512046027825181,0.284349393023148,0.00303305871412993,0.2206802299871565,0.9961036615931395
biological_error+instrument_error,0.99,0.6,10000,2533,0.2510287983073498,0.2838483674680595,0.0031689908915947898,0.2198720975379613,0.9959362668092395
biological_error+instrument_error,0.99,0.6,50000,2533,0.250908563925138,0.2835442892165278,0.0030133532314194117,0.2202851708079674,0.9944669580881589
instrument_error,0.0,0.0,100,2533,0.08486597285188431,0.10827294550152719,0.001642758738526115,0.069353320452781,0.6599746223911157
instrument_error,0.0,0.0,500,2533,0.03766984935649415,0.04818052176262823,-0.0008467814154600363,0.03022907571673078,0.2873586750795529
instrument_error,0.0,0.0,1000,2533,0.026918115634756563,0.03450895855550932,-9.363475213908484e-05,0.021867943488414587,0.20767376356753886
instrument_error,0.0,0.0,5000,2533,0.013987688483712294,0.01979435606135142,0.0004930110032087797,0.010703960790038894,0.10772466624882367
instrument_error,0.0,0.0,10000,2533,0.011149672336052407,0.01738797211473918,0.0005608333533768236,0.0076298011027359225,0.08645070506570596
instrument_error,0.0,0.0,50000,2533,0.007238637795417774,0.014922029836949022,0.000662818261280585,0.0034584344611936005,0.05626309482279499
instrument_error,0.0,0.0,100000,2533,0.0063698047713924445,0.014711654922695277,0.0005742083427028649,0.002491317016728195,0.04953791928501778
instrument_error,0.0,0.2,100,2533,0.08726173014947795,0.11365524672426248,-0.0006327502852730249,0.06845999550200119,0.5391362841898731
instrument_error,0.0,0.2,500,2533,0.042398066463859393,0.05752571219046685,-0.001954937864709697,0.03274257363792969,0.2601966243316476
instrument_error,0.0,0.2,1000,2533,0.03199262431938165,0.04625696389032813,-0.001066566975716325,0.0236650557685541,0.19832851221795816
instrument_error,0.0,0.2,5000,2533,0.019834639588460955,0.035367198127179665,-4.515845197883248e-05,0.011423703779699784,0.12305304143163211
instrument_error,0.0,0.2,10000,2533,0.01725467754203886,0.03374595742153818,4.9025979300684496e-05,0.008689743013093304,0.1072633550437535
instrument_error,0.0,0.2,50000,2533,0.013822274147476282,0.03210027096144363,6.447075006332327e-05,0.004251543273266101,0.08546289293749416
instrument_error,0.0,0.2,100000,2533,0.013037217773352915,0.03203328038109939,2.9813851617479394e-05,0.003039208976818697,0.08048658134630178
instrument_error,0.0,0.4,100,2533,0.0859609117327741,0.11110326592221235,0.0010011329741859154,0.06957932987001941,0.5697885512432903
instrument_error,0.0,0.4,500,2533,0.04034565809122671,0.05492379083621767,-0.001399663055333628,0.031068917126803014,0.2667060402615095
instrument_error,0.0,0.4,1000,2533,0.03060125240436141,0.04449636340798789,-0.0003082707532925987,0.023778858489828705,0.20379381149861683
instrument_error,0.0,0.4,5000,2533,0.018606615837512764,0.032365771834188546,0.000192596032440692,0.011561225668430708,0.12191115307770421
instrument_error,0.0,0.4,10000,2533,0.01611630502759314,0.03086522715207518,0.00018995269999241474,0.008997910557355798,0.1044257597920636
instrument_error,0.0,0.4,50000,2533,0.013102810307402218,0.030103176266253227,0.00012523313136643955,0.004859112994578793,0.0839595776173142
instrument_error,0.0,0.4,100000,2533,0.012421160347304044,0.029983108140659714,-3.376765329322144e-05,0.0036248474631169897,0.0792760324121922
instrument_error,0.0,0.6,100,2533,0.10109910955618362,0.13924958679802987,-0.0015990861797507254,0.07776345753247221,0.5157363769972315
instrument_error,0.0,0.6,500,2533,0.06133779064573586,0.09914969608770946,-0.0027114365258425407,0.041032078360155017,0.3086289556313777
instrument_error,0.0,0.6,1000,2533,0.05169210050996122,0.09116533875144607,-0.0027678877815744914,0.030328705755038682,0.259097436305235
instrument_error,0.0,0.6,5000,2533,0.04298418586898077,0.08493714540150177,-0.0018866932644750764,0.018028532330591984,0.21472372679682378
instrument_error,0.0,0.6,10000,2533,0.040947092182837194,0.08407463399943622,-0.0017570442450211825,0.014726316118579413,0.2039538768167428
instrument_error,0.0,0.6,50000,2533,0.03868604342165187,0.08322672343215787,-0.001955060681615135,0.01080700593563011,0.1931104235202505
instrument_error,0.9,0.0,100,2533,0.0999008935571062,0.12675319763794235,0.012922241798969291,0.08354422437730871,0.7334983301820283
instrument_error,0.9,0.0,500,2533,0.062116400491384255,0.07729516113395377,0.011829099504661513,0.05383981114129441,0.41302534193337864
instrument_error,0.9,0.0,1000,2533,0.05720230010739115,0.07047716904632922,0.011835488461277957,0.050157710508713094,0.3636412339474339
instrument_error,0.9,0.0,5000,2533,0.053123553386429025,0.06386212468867854,0.011861775245027805,0.0466365338384027,0.3238956232791861
instrument_error,0.9,0.0,10000,2533,0.05304888553451635,0.06308566961517927,0.011765735039302092,0.0466004171644034,0.3229710616082653
instrument_error,0.9,0.0,50000,2533,0.052551759109233195,0.06209242627620751,0.011711382487393871,0.04601562628569421,0.3185509236725197
instrument_error,0.9,0.0,100000,2533,0.05253738184300395,0.06203346775488885,0.01179469383422992,0.045863394093812904,0.318588102604383
instrument_error,0.9,0.2,100,2533,0.11053897612119785,0.14080166099657843,0.018687818634908693,0.090878962045981,0.6422056990142168
instrument_error,0.9,0.2,500,2533,0.0751481947264791,0.09367735069676414,0.01866256475703698,0.0645215631332373,0.3998238577076738
instrument_error,0.9,0.2,1000,2533,0.07162643105714778,0.08835398077950249,0.019362540816828623,0.06257026900101381,0.36832980483783784
instrument_error,0.9,0.2,5000,2533,0.06795851626486105,0.08253423025800435,0.019395506393817808,0.0584443692387068,0.3377180411304157
instrument_error,0.9,0.2,10000,2533,0.06772795584066285,0.08216880617895497,0.019748210086155214,0.05861837527345509,0.33565489652769886
instrument_error,0.9,0.2,50000,2533,0.06750316079765291,0.08147419217289102,0.01973445321748526,0.05741184698655066,0.3334514295234605
instrument_error,0.9,0.2,100000,2533,0.06753733067069351,0.08140496915755047,0.019758225720415537,0.05759103362864498,0.3342559812367421
instrument_error,0.9,0.4,100,2533,0.10374396193372605,0.13193935063428983,0.017535713782012994,0.085805933632251,0.6446661128214025
instrument_error,0.9,0.4,500,5066,0.07067999494754454,0.0899696967422284,0.01659729694919794,0.060270419609949194,0.4039826395506411
instrument_error,0.9,0.4,1000,2533,0.06593449462125539,0.08290908063695471,0.01641347715014311,0.05639205047118939,0.363336426612639
instrument_error,0.9,0.4,5000,2533,0.062353969473168076,0.07605096079141757,0.016576087967783024,0.054677230530705306,0.3330387670292151
instrument_error,0.9,0.4,10000,2533,0.06207755635317263,0.07538965105170999,0.016624037284270542,0.053853113939460004,0.3304670507596469
instrument_error,0.9,0.4,50000,2533,0.06205718653684885,0.07523638970857281,0.01635165862341429,0.053751950935692905,0.32854492826581644
instrument_error,0.9,0.4,100000,2533,0.061974516756546506,0.07513409738706728,0.016402375089256988,0.05341233415583359,0.32795582179300325
instrument_error,0.9,0.6,100,2533,0.12745395649520228,0.16484277410513226,0.029067649402162884,0.1034944682358549,0.5960320854838047
instrument_error,0.9,0.6,500,2533,0.10070480185198878,0.1282078751307214,0.02712242574494975,0.084368321211848,0.43861595925124597
instrument_error,0.9,0.6,1000,2533,0.09586901202646747,0.12218064722207228,0.026510939128019977,0.08103680746031561,0.409722688034539
instrument_error,0.9,0.6,5000,2533,0.09345336617634396,0.11855769165243618,0.027265588702163387,0.0787063094153084,0.3963527130069718
instrument_error,0.9,0.6,10000,2533,0.0926424548383129,0.11767231705060151,0.027253522106036373,0.0778155031957691,0.3913351133675679
instrument_error,0.9,0.6,50000,2533,0.09278748455945904,0.11750939302288801,0.026970657800275574,0.0775766146076561,0.39149996190850117
instrument_error,0.9,0.6,100000,2533,0.09278678793222479,0.11749762643236221,0.02701563747220056,0.0775304314778657,0.39147646386412943
instrument_error,0.95,0.0,100,2533,0.09982263383291251,0.1266243839115229,0.012872334491964822,0.08294461650840002,0.7334929547741874
instrument_error,0.95,0.0,500,2533,0.06194855367901264,0.07711913677212266,0.011887935427930827,0.05350525917786342,0.41227992748331055
instrument_error,0.95,0.0,1000,2533,0.05699585775610615,0.0702903971509581,0.011866486715143072,0.0498646913835909,0.3623216784364291
instrument_error,0.95,0.0,5000,2533,0.052938789958878026,0.06366666904689385,0.011840257447399255,0.046720082901075405,0.32278963156055146
instrument_error,0.95,0.0,10000,2533,0.05284044887785773,0.06285442100268018,0.01173137336494063,0.0465003498953456,0.3216659894113131
instrument_error,0.95,0.0,50000,2533,0.05237825754426867,0.061898239236782185,0.01168648256368372,0.0458849758150522,0.31752973349632435
instrument_error,0.95,0.0,100000,2533,0.052353489159878086,0.061829208962616754,0.011769596591706191,0.04562396217705951,0.3174862048063941
instrument_error,0.95,0.2,100,2533,0.11051377918693561,0.14077293040873734,0.01868273676870813,0.0913174870329004,0.64277983911784
instrument_error,0.95,0.2,500,2533,0.07495070350666382,0.0934069656051814,0.018544084001122507,0.0643957309504326,0.3993778518380062
instrument_error,0.95,0.2,1000,2533,0.07142368533664015,0.08810614976865662,0.019263430446705764,0.0622701785245863,0.3674724352314226
instrument_error,0.95,0.2,5000,5066,0.06773360421282637,0.08229962198199853,0.01936835381105465,0.05814397758333109,0.33664919301427354
instrument_error,0.95,0.2,10000,2533,0.06756034823025914,0.08197310438167525,0.01968762725673922,0.058312295627643215,0.3348872340788775
instrument_error,0.95,0.2,50000,2533,0.06730679187905478,0.08125644642963423,0.01967827802595173,0.057217935823785676,0.33251001566882893
instrument_error,0.95,0.4,100,2533,0.10370761123586476,0.13186904686518514,0.017331850575990366,0.08498286834089389,0.6439392554425188
instrument_error,0.95,0.4,500,2533,0.07051575084301549,0.08975950710503237,0.01652303631915641,0.059979360318486816,0.40372444616895004
instrument_error,0.95,0.4,1000,2533,0.06580479431651402,0.08272846758572357,0.016324627349237564,0.05663110129186999,0.3627553670054486
instrument_error,0.95,0.4,5000,2533,0.06213379874877067,0.07581416000576975,0.016519577897083138,0.054583021248670094,0.3318975288724566
instrument_error,0.95,0.4,10000,2533,0.06189186994967481,0.07519741600038887,0.016581598457313558,0.0536676950751398,0.32946003795501666
instrument_error,0.95,0.4,50000,2533,0.061886320242063544,0.07505088666891471,0.016316802790307415,0.0535370829004137,0.32770928798667853
instrument_error,0.95,0.4,100000,2533,0.06180058054533889,0.07494920935162142,0.016369472296281575,0.053329288661907684,0.3270700616446015
instrument_error,0.95,0.6,100,2533,0.12727594559123423,0.16456523283266725,0.02882579149423936,0.1040081085653333,0.5951926986990627
instrument_error,0.95,0.6,500,2533,0.10046554637583774,0.12804978828880625,0.02695324189007958,0.0845465785232111,0.4372771034864223
instrument_error,0.95,0.6,1000,2533,0.09575141478893613,0.12203785492863616,0.026566813406237493,0.08093764548800234,0.40932919318636707
instrument_error,0.95,0.6,5000,2533,0.09332429539759285,0.11844856945746438,0.027215112857307974,0.07861459198957046,0.39584673935271286
instrument_error,0.95,0.6,10000,2533,0.09249152553835643,0.117535771669992,0.027198276951726504,0.0776318343650437,0.3907854318302379
instrument_error,0.95,0.6,50000,2533,0.09263179970220216,0.11735485190863162,0.026914363993467465,0.077316073961671,0.39093845848927183
instrument_error,0.99,0.0,100,2533,0.09976172874604886,0.12658383759389544,0.012829352170248652,0.0831072296891033,0.7327546008464824
instrument_error,0.99,0.0,500,2533,0.06183904990064206,0.07701114697982722,0.011795973457102272,0.053644510221466685,0.41158096474718087
instrument_error,0.99,0.0,1000,2533,0.05685422686902562,0.0701339857731985,0.011865956596155528,0.049629810782020806,0.3614130424807494
instrument_error,0.99,0.0,5000,2533,0.05281552052780246,0.06352030271729574,0.011821176807068588,0.046442343415336595,0.32209980950188816
instrument_error,0.99,0.0,10000,2533,0.05272517124867092,0.0627257258272434,0.011702563900224899,0.04631349850779759,0.32102247014995616
instrument_error,0.99,0.0,50000,5066,0.052238858862743064,0.06174153172271319,0.011653951050093836,0.045763408936806,0.31670649098592213
instrument_error,0.99,0.0,100000,2533,0.05221622416465062,0.061679795690930565,0.01174959513397641,0.045552567857559706,0.3166431697900444
instrument_error,0.99,0.2,100,2533,0.110282957839371,0.1405622210216768,0.018647676482469545,0.09107442114076958,0.6416579648940993
instrument_error,0.99,0.2,500,2533,0.07473459987693891,0.09320275238098825,0.018514419887781724,0.06451883253569202,0.3983617800663937
instrument_error,0.99,0.2,1000,2533,0.07131177357835651,0.08796836926383832,0.019130672945380532,0.06214638610809964,0.367075485621332
instrument_error,0.99,0.2,5000,2533,0.06760515257616159,0.08217114120317008,0.01938040397028219,0.05805753578110062,0.3359979466709212
instrument_error,0.99,0.2,10000,2533,0.06741125462173149,0.08181114109750617,0.019653975367233997,0.05814472407575369,0.33414880080308845
instrument_error,0.99,0.2,50000,2533,0.06714870445062034,0.08108140175803233,0.019630415867694234,0.057158992802731096,0.3317511541847319
instrument_error,0.99,0.2,100000,2533,0.06718231529027277,0.08100775522944272,0.019667239269115518,0.05740375534347919,0.332601271766598
instrument_error,0.99,0.4,100,2533,0.10376881256862515,0.13196325340115247,0.017323283779323656,0.085551109264947,0.6442546853409589
instrument_error,0.99,0.4,500,2533,0.07041246907603124,0.08960574440915442,0.016412672401640238,0.060133934586106524,0.40338808989877334
instrument_error,0.99,0.4,1000,2533,0.06571698178298632,0.08258999254149901,0.01624255516204869,0.056734362503050306,0.362435074689638
instrument_error,0.99,0.4,5000,2533,0.06198827568821168,0.07564950381291542,0.01648078205923477,0.0545828681174281,0.33119812811398014
instrument_error,0.99,0.4,10000,2533,0.06176254503277127,0.0750578316354401,0.01655239998471016,0.05383033213904331,0.3288091564704679
instrument_error,0.99,0.4,50000,2533,0.061748285438568314,0.07490781721179572,0.016285623178771722,0.05337113670647009,0.32699719649129294
instrument_error,0.99,0.6,100,2533,0.12731546442607627,0.16463416684026197,0.028715595571580772,0.10403669668770418,0.5955094336252562
instrument_error,0.99,0.6,500,2533,0.10026632744500721,0.1278515308359519,0.026750636427636355,0.08436239510760887,0.43653264617823695
instrument_error,0.99,0.6,1000,2533,0.09567510305019605,0.12198631983156244,0.026552210652241406,0.08086946306656449,0.40897095547807916
instrument_error,0.99,0.6,5000,2533,0.09322261346648923,0.11833328656102995,0.027141692482993716,0.07857247899008259,0.3955481886465255
instrument_error,0.99,0.6,10000,2533,0.0923942488884798,0.11742695168049064,0.027144806373334482,0.0777293211655396,0.3904497844140548
instrument_error,0.99,0.6,50000,2533,0.09251211158302845,0.11723322542359688,0.026879377300098452,0.0773843875275217,0.3905097736154041
instrument_error,0.99,0.6,100000,2533,0.09251728159483832,0.11722184843973352,0.02691486645001992,0.07716279395908157,0.3905006600626835
