missing_data_mechanism,missing_data_rate,missing_edge_rate,n_samples,n,residual_mean,residual_median,residual_std
biological_error,0.0,0.0,100,2533,1.039896242892813,1.0566992012284913,0.2808858611641191
biological_error,0.0,0.0,500,2533,1.0200244225887838,1.0800271459557669,0.25946660478212924
biological_error,0.0,0.0,1000,2533,1.0388069744345418,1.0893802066320812,0.2349076303561016
biological_error,0.0,0.0,5000,2533,1.0153840052641296,1.0924613787895117,0.24889314610193156
biological_error,0.0,0.0,10000,911,1.0252255107102763,1.099146649210611,0.23967068877801817
biological_error,0.0,0.0,50000,2533,1.3304250136576141,1.3161649285233932,0.4384389036389732
biological_error,0.0,0.0,100000,2533,1.323403906306281,1.3096912396996605,0.3700633049170647
biological_error,0.0,0.2,100,2533,1.0770951123381347,1.0858495125590413,0.3236189584122615
biological_error,0.0,0.2,500,2533,1.068185700517402,1.1075718754116253,0.2622954101963039
biological_error,0.0,0.2,1000,2533,1.0668171637122856,1.1068287304176756,0.26835847933408696
biological_error,0.0,0.2,5000,2533,1.052722767166869,1.11215666048067,0.2858481145030057
biological_error,0.0,0.2,10000,749,1.073049109158409,1.1188377144178978,0.2554750488958544
biological_error,0.0,0.2,50000,2533,1.3823713487587312,1.3477841298223336,0.5768717890263232
biological_error,0.0,0.2,100000,2533,1.3443089289543333,1.3417079640990568,0.48891176317604645
biological_error,0.0,0.4,100,2533,1.2209423678845683,1.1631548101124236,0.6009671096954738
biological_error,0.0,0.4,500,2533,1.2621560968685113,1.2030860681032496,0.6124634443382091
biological_error,0.0,0.4,1000,2533,1.2196205485472462,1.1748623829305729,0.5085137017303117
biological_error,0.0,0.4,5000,2533,1.179322466577319,1.1531495801557106,0.5401725231933872
biological_error,0.0,0.4,10000,756,1.2154249762207778,1.162287301635859,0.47920784522852305
biological_error,0.0,0.4,50000,2533,1.4622406087070503,1.3924843522423858,0.48273778539469403
biological_error,0.0,0.4,100000,2533,1.4555109599688663,1.3917692263543342,0.4998106846752669
biological_error,0.2,0.0,100,2533,3.330903322642356,2.742928393327282,2.4471658800630927
biological_error,0.2,0.0,500,2533,3.2225441179523533,2.637940958724715,2.484141109576666
biological_error,0.2,0.0,1000,2533,3.365718357119971,2.7958271506002803,2.363203566734291
biological_error,0.2,0.0,5000,2533,3.0896198347203003,2.5563224382087775,2.2988863607980763
biological_error,0.2,0.0,10000,888,3.2619307522735586,2.6959635231177392,2.3398684716044027
biological_error,0.2,0.0,50000,2533,5.999328706464649,4.640582701608524,4.8295216648338375
biological_error,0.2,0.0,100000,2533,6.472295275361295,5.296965855080885,4.859916506718587
biological_error,0.2,0.2,100,2533,3.4949765475688137,2.906642843601416,2.537643878145521
biological_error,0.2,0.2,500,2533,3.5059939193761753,2.972871626429694,2.439859003405368
biological_error,0.2,0.2,1000,2533,3.2936353216758554,2.80492574594404,2.3576671231298176
biological_error,0.2,0.2,5000,2533,3.198383517294116,2.644433077970927,2.4833324777783026
biological_error,0.2,0.2,10000,723,3.5096969696179574,3.0098039219191346,2.413291499671997
biological_error,0.2,0.2,50000,2533,6.178290723695367,4.907371898270436,4.906000778993853
biological_error,0.2,0.2,100000,2533,5.557438830884765,4.350953143608546,4.8308137098086865
biological_error,0.2,0.4,100,2533,3.645879601272702,3.0869621639289613,2.649451116529174
biological_error,0.2,0.4,500,2533,3.4932612871324915,2.990757315180053,2.422649758859015
biological_error,0.2,0.4,1000,2533,3.70288530787796,3.194822237224641,2.4722737056187056
biological_error,0.2,0.4,5000,2533,3.28291956400751,2.698718812461797,2.4504791696414525
biological_error,0.2,0.4,10000,745,3.8021394928990184,3.173531669520294,2.61151705009584
biological_error,0.2,0.4,50000,2533,6.567842344630865,5.372988136207019,4.853063896041266
biological_error,0.2,0.4,100000,2533,6.177839339853522,5.054530501757597,4.69424829261207
biological_error,0.4,0.0,100,2533,4.3558733946998025,3.417876169523389,3.5060063212330865
biological_error,0.4,0.0,500,2533,4.191267624219348,3.271402672270064,3.6343765138953974
biological_error,0.4,0.0,1000,2533,4.391869455707917,3.4774585683661696,3.468341412673607
biological_error,0.4,0.0,5000,2533,3.9936722601345633,3.1138837703711313,3.362453818166449
biological_error,0.4,0.0,10000,871,4.246910187791659,3.3393845861728253,3.428309763479933
biological_error,0.4,0.0,50000,2533,8.116491856078449,6.0531026891903155,7.166616463909872
biological_error,0.4,0.0,100000,2533,8.81660345196379,6.978994665049214,7.227913061102701
biological_error,0.4,0.2,100,2533,4.5458658577381685,3.627136041643666,3.617561763160862
biological_error,0.4,0.2,500,2533,4.5666452998691005,3.7162946207635743,3.5531574087368676
biological_error,0.4,0.2,1000,2533,4.269362696916105,3.4345152472866864,3.44875336535842
biological_error,0.4,0.2,5000,2533,4.137631384787042,3.2131694492829435,3.6395404501808897
biological_error,0.4,0.2,10000,703,4.58352666526176,3.782754863124324,3.5658543099329596
biological_error,0.4,0.2,50000,2533,8.35562996196542,6.415062868076185,7.259926214438324
biological_error,0.4,0.2,100000,2533,7.459437276599849,5.576072770851456,7.150592024006148
biological_error,0.4,0.4,100,2533,4.6261750259680445,3.781766003194816,3.6986849928024315
biological_error,0.4,0.4,500,2533,4.4080485500931275,3.610109757846888,3.421254333830888
biological_error,0.4,0.4,1000,2533,4.722240976780184,3.919177116563584,3.547590712349198
biological_error,0.4,0.4,5000,2533,4.135459085323505,3.1949191829335715,3.4991914515830276
biological_error,0.4,0.4,10000,731,4.884443375643912,3.833647654599929,3.805495334147158
biological_error,0.4,0.4,50000,2533,8.842445836984341,7.0980101380033265,7.16287703864257
biological_error,0.4,0.4,100000,2533,8.285260251351586,6.4964046008181695,6.933936519349986
biological_error,0.6,0.0,100,2533,4.132768008148902,3.159126592279995,3.4824827395526454
biological_error,0.6,0.0,500,2533,3.97256850061561,3.043976421873906,3.612883524260132
biological_error,0.6,0.0,1000,2533,4.173328005763041,3.239238569975901,3.453252845928576
biological_error,0.6,0.0,5000,2533,3.7763433620550093,2.884566499114109,3.3341714189439378
biological_error,0.6,0.0,10000,854,4.018616434598769,3.100196581653811,3.3795199760657426
biological_error,0.6,0.0,50000,2533,7.815014093900219,5.723170401855491,7.143371976160913
biological_error,0.6,0.0,100000,2533,8.51089995381714,6.554356579519,7.206880368366415
biological_error,0.6,0.2,100,2533,4.326798488390348,3.3777504406601806,3.593731613086537
biological_error,0.6,0.2,500,2533,4.329663713881272,3.472997606532697,3.5204704043828277
biological_error,0.6,0.2,1000,2533,4.040595586978228,3.172061678955425,3.4265744654960426
biological_error,0.6,0.2,5000,2533,3.9150246071459787,2.962130933928889,3.6149068676949065
biological_error,0.6,0.2,10000,694,4.35023210644319,3.5343127062501267,3.557429280797281
biological_error,0.6,0.2,50000,2533,8.042789266667857,6.075818931335295,7.227316241376076
biological_error,0.6,0.2,100000,2533,7.159965245872946,5.246899745422779,7.121173544626483
biological_error,0.6,0.4,100,2533,4.328552823465432,3.400583762714409,3.6344232454685996
biological_error,0.6,0.4,500,2533,4.109158611380202,3.28990356395104,3.346707061027339
biological_error,0.6,0.4,1000,2533,4.4259654285465215,3.5732905809298705,3.497838419112243
biological_error,0.6,0.4,5000,2533,3.854921658509208,2.8938613400498467,3.4453469586141403
biological_error,0.6,0.4,10000,706,4.508310880478389,3.5457293570829345,3.67545568201662
biological_error,0.6,0.4,50000,2533,8.487608824027367,6.745917680485103,7.123018275236022
biological_error,0.6,0.4,100000,2533,7.938662138296807,6.0930360848433,6.8963053711917315
biological_error,0.8,0.0,100,2533,2.683259817257052,1.997149229111876,2.3478994068485455
biological_error,0.8,0.0,500,2533,2.5705151766837093,1.9191839165757931,2.422391026840879
biological_error,0.8,0.0,1000,2533,2.708751609090302,2.086935755708535,2.2983944560829803
biological_error,0.8,0.0,5000,2533,2.44595684775158,1.8376563510092816,2.2154191354506185
biological_error,0.8,0.0,10000,845,2.6017984316153586,1.9881231491808589,2.2478280561601127
biological_error,0.8,0.0,50000,2533,5.10682250681917,3.7264542101375,4.751915906224794
biological_error,0.8,0.0,100000,2533,5.571467760637971,4.273959399229804,4.801757300791864
biological_error,0.8,0.2,100,2533,2.8116948998284057,2.1227204588043884,2.4648875608201464
biological_error,0.8,0.2,500,2533,2.8074460398493724,2.2160553897056645,2.3446611878376737
biological_error,0.8,0.2,1000,2533,2.6196326313977556,2.0392779199251634,2.2859618978183986
biological_error,0.8,0.2,5000,2533,2.5330772496827985,1.8842012127524492,2.3943642523011226
biological_error,0.8,0.2,10000,673,2.828816953687048,2.277177009817388,2.363023593227984
biological_error,0.8,0.2,50000,2533,5.2548261676984,3.9406217787965088,4.807744851628063
biological_error,0.8,0.2,100000,2533,4.671687525397889,3.3795345296317207,4.739204439983632
biological_error,0.8,0.4,100,2533,2.7698877531622954,2.1700144146673943,2.4619536793468
biological_error,0.8,0.4,500,2533,2.632195038269233,2.050589010956967,2.2295611027777413
biological_error,0.8,0.4,1000,2533,2.847221524363353,2.249584698008988,2.318369809486897
biological_error,0.8,0.4,5000,2533,2.471774806701238,1.8205859240913969,2.2827683203425755
biological_error,0.8,0.4,10000,681,2.9043853069483356,2.23170531947311,2.459243451563166
biological_error,0.8,0.4,50000,2533,5.534772532985449,4.351299018738491,4.736167556182478
biological_error,0.8,0.4,100000,2533,5.1723358770829675,3.92806970615339,4.583219509673216
biological_error,0.9,0.0,100,2533,1.4807344430324054,1.085951105050878,1.3537162228633557
biological_error,0.9,0.0,500,2533,1.429342044832693,1.0298223703328369,1.3808962190949745
biological_error,0.9,0.0,1000,2533,1.5115576930840608,1.1614569468625526,1.3061511598171531
biological_error,0.9,0.0,5000,2533,1.3624566284348858,1.008875776640062,1.2470853011104526
biological_error,0.9,0.0,10000,830,1.443933370778792,1.0947009316449339,1.255494628508775
biological_error,0.9,0.0,50000,2533,2.8537831895940777,2.070550709667885,2.673869124372247
biological_error,0.9,0.0,100000,2533,3.1143773177500567,2.3762256883385695,2.699762308736827
biological_error,0.9,0.2,100,2533,1.5793220612826424,1.168673028239526,1.466066664445084
biological_error,0.9,0.2,500,2533,1.5609269760602975,1.2211161324914026,1.3283800728941753
biological_error,0.9,0.2,1000,2533,1.4628266640913592,1.1316418875340708,1.2972463536950651
biological_error,0.9,0.2,5000,2533,1.409164437588436,1.0411117606331584,1.3437552761237648
biological_error,0.9,0.2,10000,658,1.5845068402404,1.2460675969304709,1.332440625367633
biological_error,0.9,0.2,50000,2533,2.936005370370344,2.1883243132910666,2.7013241837660527
biological_error,0.9,0.2,100000,2533,2.60966667365274,1.8805969921855663,2.666416946089219
biological_error,0.9,0.4,100,2533,1.5365124586716177,1.1182576855699145,1.4595042084387766
biological_error,0.9,0.4,500,2533,1.4614992602039802,1.1183790574228771,1.2733069558026742
biological_error,0.9,0.4,1000,2533,1.583407694027291,1.2158719279304664,1.3087949134855217
biological_error,0.9,0.4,5000,2533,1.3704695315475959,0.9969021406904974,1.2827660831651087
biological_error,0.9,0.4,10000,657,1.6188363560740404,1.2178346872322816,1.3747927046068436
biological_error,0.9,0.4,50000,2533,3.0900304638316367,2.420749551978965,2.6646117486320593
biological_error,0.9,0.4,100000,2533,2.8863285542622448,2.1850513883335108,2.575879945778491
biological_error,0.95,0.0,100,2533,0.7889846144775646,0.5410759943851967,0.79795843854302
biological_error,0.95,0.0,500,2533,0.748302497029648,0.5325116313141799,0.7386776544316854
biological_error,0.95,0.0,1000,2533,0.7935057556708763,0.6112158327460282,0.7008849943208901
biological_error,0.95,0.0,5000,2533,0.7154218924888063,0.536133536130028,0.6564116043166514
biological_error,0.95,0.0,10000,754,0.7628719189094169,0.5664885149334102,0.670743259759845
biological_error,0.95,0.0,50000,2533,1.5009631411202673,1.0922940159663743,1.4097412848601019
biological_error,0.95,0.0,100000,2533,1.6393403443345922,1.2391311771109228,1.424980879997336
biological_error,0.95,0.2,100,2533,0.8370714839750941,0.5600833341600817,0.8564550433862227
biological_error,0.95,0.2,500,2533,0.8146750822678086,0.6277544657746861,0.7075277390834175
biological_error,0.95,0.2,1000,2533,0.7687945968297417,0.5890413984108408,0.6883936760826989
biological_error,0.95,0.2,5000,2533,0.7403248967557858,0.5418606810558871,0.7100854776758689
biological_error,0.95,0.2,10000,590,0.8409135325316328,0.6641130204310196,0.713575711844721
biological_error,0.95,0.2,50000,2533,1.5442516501972225,1.1498755949496644,1.4252703949397871
biological_error,0.95,0.2,100000,2533,1.3728269730104161,0.9870502444838984,1.4062068325925507
biological_error,0.95,0.4,100,2533,0.8191274915846387,0.5684717616766453,0.8430961505600121
biological_error,0.95,0.4,500,2533,0.7628194418577581,0.5673422312388213,0.6907923033948288
biological_error,0.95,0.4,1000,2533,0.8323197938007454,0.6491089933052797,0.7018519661934584
biological_error,0.95,0.4,5000,2533,0.719130189754946,0.5141346864050959,0.679024950542181
biological_error,0.95,0.4,10000,581,0.8676822017735858,0.67043343207476,0.7302413120961181
biological_error,0.95,0.4,50000,2533,1.6234469652221033,1.2672647462109048,1.4036028971962307
biological_error,0.95,0.4,100000,2533,1.5176643121918887,1.1447503995773085,1.3581802598358876
biological_error,0.97,0.0,100,2533,0.4863543753792026,0.315446898925492,0.5490030434551741
biological_error,0.97,0.0,500,2533,0.4604789383674597,0.3191301378685381,0.4736921704937601
biological_error,0.97,0.0,1000,2533,0.4838768145359728,0.3625812805759184,0.4375800238461939
biological_error,0.97,0.0,5000,2533,0.43864839674128836,0.3247703787670046,0.4065373852576437
biological_error,0.97,0.0,10000,775,0.46945354265616557,0.3603086367496522,0.41365758203193004
biological_error,0.97,0.0,50000,2533,0.9180523487886809,0.6672610408179377,0.8620047301489756
biological_error,0.97,0.0,100000,2533,1.0035700823005942,0.7583505663587593,0.8735474120090866
biological_error,0.97,0.2,100,2533,0.5152362423793475,0.3217373093377856,0.5988586303807086
biological_error,0.97,0.2,500,2533,0.49707627267942484,0.3787367727352631,0.4477465989922434
biological_error,0.97,0.2,1000,2533,0.472001238880528,0.3628540896043637,0.4325272963335231
biological_error,0.97,0.2,5000,2533,0.452745289615504,0.3311242239775953,0.43504650034754455
biological_error,0.97,0.2,10000,617,0.5146498864679852,0.4088612925827177,0.436469073705664
biological_error,0.97,0.2,50000,2533,0.9437404190782557,0.6948945094750634,0.8708939861033945
biological_error,0.97,0.2,100000,2533,0.8403239700494101,0.6008777850773321,0.864140724015324
biological_error,0.97,0.4,100,2533,0.5052781072293535,0.3177757345636739,0.5955059100378073
biological_error,0.97,0.4,500,2533,0.4686345610398638,0.3335788737934982,0.44930799899633955
biological_error,0.97,0.4,1000,2533,0.50857378775306,0.3830163979571944,0.44080383714022875
biological_error,0.97,0.4,5000,2533,0.4399130473425539,0.3157517009207833,0.4161202107390359
biological_error,0.97,0.4,10000,604,0.5272767451291787,0.3992316103080813,0.4502415050705214
biological_error,0.97,0.4,50000,2533,0.9937365150813138,0.7742278843405717,0.859059907923438
biological_error,0.97,0.4,100000,2533,0.9280371450654948,0.7050692464674848,0.8316367172077885
biological_error,0.99,0.0,100,2533,0.16590331617447812,0.0437970959553877,0.2699509155907226
biological_error,0.99,0.0,500,2533,0.15563688075361123,0.0999842602593223,0.18563114759479132
biological_error,0.99,0.0,1000,2533,0.1659066327066425,0.1157148368207301,0.1679639566056787
biological_error,0.99,0.0,5000,2533,0.14867269722370421,0.1070308990324056,0.14116581319371266
biological_error,0.99,0.0,10000,1028,0.15998014046149345,0.1193803145872971,0.14206646739733622
biological_error,0.99,0.0,50000,2533,0.31196206183879277,0.2229080466368492,0.2947027741124138
biological_error,0.99,0.0,100000,2533,0.3405455632994295,0.2581323398763827,0.2962951276062875
biological_error,0.99,0.2,100,2533,0.16971201581883366,0.0408610384428404,0.27741334015742225
biological_error,0.99,0.2,500,2533,0.16867227656418457,0.1181546384104017,0.17173486419133904
biological_error,0.99,0.2,1000,2533,0.1595602150747975,0.112731990305107,0.16113899087960978
biological_error,0.99,0.2,5000,2533,0.15231804817805641,0.1117190368731372,0.1481838997871222
biological_error,0.99,0.2,10000,838,0.17075302074522017,0.134467342993686,0.14468899633149185
biological_error,0.99,0.2,50000,2533,0.3210463234177021,0.2366685003129622,0.29910637015198044
biological_error,0.99,0.2,100000,2533,0.285180780294568,0.2019358592551414,0.29361749513085894
biological_error,0.99,0.4,100,2533,0.17335214457273904,0.0416140111661426,0.2939677397541348
biological_error,0.99,0.4,500,2533,0.15727053771023294,0.1060774372365393,0.16957606864066896
biological_error,0.99,0.4,1000,2533,0.17014971433530393,0.1231477741069861,0.1622525918650322
biological_error,0.99,0.4,5000,2533,0.1491236650046939,0.1067426135711174,0.14217085809092117
biological_error,0.99,0.4,10000,849,0.1792992439410549,0.1300093320248252,0.15669527729199076
biological_error,0.99,0.4,50000,2533,0.337611053580087,0.2614548556781593,0.29375584699688745
biological_error,0.99,0.4,100000,2533,0.31516994718117924,0.2393167425560409,0.2830993698325763
instrument_error,0.0,0.0,100,2533,1.039896242892813,1.0566992012284913,0.2808858611641191
instrument_error,0.0,0.0,500,2533,1.0200244225887838,1.0800271459557669,0.25946660478212924
instrument_error,0.0,0.0,1000,2533,1.0388069744345418,1.0893802066320817,0.2349076303561016
instrument_error,0.0,0.0,5000,2533,1.0153840052641296,1.0924613787895117,0.24889314610193156
instrument_error,0.0,0.0,10000,373,1.0465227225582947,1.1022301483967556,0.2687968514635491
instrument_error,0.0,0.0,50000,2533,1.3304250136576141,1.316164928523393,0.4384389036389732
instrument_error,0.0,0.0,100000,2533,1.323403906306281,1.3096912396996605,0.37006330491706463
instrument_error,0.0,0.2,100,2533,1.0770951123381347,1.0858495125590415,0.3236189584122615
instrument_error,0.0,0.2,500,2533,1.068185700517402,1.1075718754116255,0.2622954101963039
instrument_error,0.0,0.2,1000,2533,1.0668171637122856,1.1068287304176758,0.268358479334087
instrument_error,0.0,0.2,5000,2533,1.052722767166869,1.11215666048067,0.2858481145030057
instrument_error,0.0,0.2,10000,231,1.053207357983034,1.1089908524539445,0.2398600155466968
instrument_error,0.0,0.2,50000,2533,1.3823713487587312,1.3477841298223336,0.5768717890263232
instrument_error,0.0,0.2,100000,2533,1.3443089289543333,1.3417079640990572,0.4889117631760464
instrument_error,0.0,0.4,100,2533,1.2209423678845683,1.1631548101124238,0.6009671096954737
instrument_error,0.0,0.4,500,2533,1.2621560968685113,1.2030860681032494,0.612463444338209
instrument_error,0.0,0.4,1000,2533,1.2196205485472462,1.1748623829305729,0.5085137017303117
instrument_error,0.0,0.4,5000,2533,1.179322466577319,1.1531495801557103,0.540172523193387
instrument_error,0.0,0.4,10000,235,1.167562478045463,1.1750604820309456,0.3053421379903619
instrument_error,0.0,0.4,50000,2533,1.4622406087070503,1.3924843522423858,0.48273778539469403
instrument_error,0.0,0.4,100000,2533,1.4555109599688663,1.3917692263543342,0.4998106846752669
instrument_error,0.2,0.0,100,2533,3.3246703369126736,2.660930271189561,2.462967970935381
instrument_error,0.2,0.0,500,2533,3.1862469222149468,2.576698852597821,2.5030058470383425
instrument_error,0.2,0.0,1000,2533,3.321362772661204,2.76638965002157,2.36210966049658
instrument_error,0.2,0.0,5000,2533,3.057510951309237,2.4826370150614148,2.3213548037845837
instrument_error,0.2,0.0,10000,379,3.332134530011297,2.5890364860744017,2.446749410447236
instrument_error,0.2,0.0,50000,2533,5.717148240291382,4.322675797718505,4.7195684121845805
instrument_error,0.2,0.0,100000,2533,6.1591625825406355,4.837606270231385,4.754738803320423
instrument_error,0.2,0.2,100,2533,3.439184563257146,2.8414170349784778,2.4747130850559933
instrument_error,0.2,0.2,500,2533,3.4419311701835196,2.9117080576373073,2.427594094776451
instrument_error,0.2,0.2,1000,2533,3.2355603510484223,2.707284877128242,2.3569047618966463
instrument_error,0.2,0.2,5000,2533,3.149617183146304,2.508486732955334,2.4898111975625907
instrument_error,0.2,0.2,10000,235,3.248932063128457,2.769782035882118,2.3722865946777607
instrument_error,0.2,0.2,50000,2533,5.887890925754165,4.552699781931058,4.7849070759888805
instrument_error,0.2,0.2,100000,2533,5.305792280980238,3.9953210921619706,4.713498043425713
instrument_error,0.2,0.4,100,2533,3.191813167474019,2.649462966973893,2.401016640803224
instrument_error,0.2,0.4,500,2533,3.137527240593935,2.535506810710559,2.284879251426564
instrument_error,0.2,0.4,1000,2533,3.2491783955621933,2.662435642112095,2.293267038990705
instrument_error,0.2,0.4,5000,2533,2.8806956294748387,2.259365520440418,2.2530234256162376
instrument_error,0.2,0.4,10000,247,3.3050871594980475,2.6475537692727316,2.3995045188231217
instrument_error,0.2,0.4,50000,2533,5.888791772252999,4.775464730067067,4.548979334428049
instrument_error,0.2,0.4,100000,2533,5.521627532165983,4.331662829545108,4.331723095943544
instrument_error,0.4,0.0,100,2533,4.1866121365522515,3.3636446258147426,3.247666741747637
instrument_error,0.4,0.0,500,2533,3.9699353822677095,3.165114841260229,3.2913281759889386
instrument_error,0.4,0.0,1000,2533,4.145209143639146,3.378940270370911,3.115744094155908
instrument_error,0.4,0.0,5000,2533,3.790504318097602,3.0352524200368967,3.0533702018454316
instrument_error,0.4,0.0,10000,378,4.159728340787448,3.173830058003988,3.2255108236159247
instrument_error,0.4,0.0,50000,2533,7.07772728264465,5.26597802613273,6.098536861813064
instrument_error,0.4,0.0,100000,2533,7.647132301707895,5.974589074908219,6.1694849023038545
instrument_error,0.4,0.2,100,2533,4.308471905891571,3.5336771660037742,3.258606212753735
instrument_error,0.4,0.2,500,2533,4.275695136544823,3.583712513538472,3.169735231342496
instrument_error,0.4,0.2,1000,2533,4.012531962407407,3.286104611112258,3.1066579501386093
instrument_error,0.4,0.2,5000,2533,3.897304095894482,3.031283499426314,3.261121828042243
instrument_error,0.4,0.2,10000,235,4.033108895687305,3.403485054084236,3.1226912642117233
instrument_error,0.4,0.2,50000,2533,7.284457769522392,5.574041687052743,6.167965400744288
instrument_error,0.4,0.2,100000,2533,6.540958002372942,4.79588741439831,6.078249315233601
instrument_error,0.4,0.4,100,2533,3.876157968519919,3.163536891933457,3.075455931834159
instrument_error,0.4,0.4,500,2533,3.771572232285657,2.963522999351336,2.914050819873371
instrument_error,0.4,0.4,1000,2533,3.9184398284796957,3.136861393654828,2.937365375055003
instrument_error,0.4,0.4,5000,2533,3.4521086073094156,2.6184008825177756,2.889001239805166
instrument_error,0.4,0.4,10000,253,4.048250470354391,3.256071801214657,3.110735353723463
instrument_error,0.4,0.4,50000,2533,7.194075857591497,5.797976777715353,5.812843020337451
instrument_error,0.4,0.4,100000,2533,6.738944629979766,5.195040325939799,5.534679161450808
instrument_error,0.6,0.0,100,2533,4.393311961199117,3.5008797313158513,3.416049473527849
instrument_error,0.6,0.0,500,2533,4.154738290517242,3.3315497389858333,3.468508799199765
instrument_error,0.6,0.0,1000,2533,4.33988508847274,3.5241231865055185,3.2802663493201534
instrument_error,0.6,0.0,5000,2533,3.963661168170812,3.178105829543614,3.212153085820024
instrument_error,0.6,0.0,10000,392,4.293439099091695,3.249188560071678,3.371725865227255
instrument_error,0.6,0.0,50000,2533,7.380797557961126,5.472474349829087,6.385179618152187
instrument_error,0.6,0.0,100000,2533,7.977900040027986,6.236287717674437,6.465264994699318
instrument_error,0.6,0.2,100,2533,4.520269104124049,3.672814745039489,3.4441604441228586
instrument_error,0.6,0.2,500,2533,4.471138269895126,3.7280660463847903,3.323973836933574
instrument_error,0.6,0.2,1000,2533,4.19588289259061,3.4476046274220846,3.2686558704169038
instrument_error,0.6,0.2,5000,2533,4.072660352006902,3.1620861689865905,3.427685767276693
instrument_error,0.6,0.2,10000,243,4.323342243054389,3.619929094369668,3.3818177627830424
instrument_error,0.6,0.2,50000,2533,7.592176028939332,5.788979393350455,6.452874577081073
instrument_error,0.6,0.2,100000,2533,6.813914980899343,4.979012075673551,6.3592614895276185
instrument_error,0.6,0.4,100,2533,4.03112780358815,3.2730923110986976,3.212522644807524
instrument_error,0.6,0.4,500,2533,3.919225268741519,3.0729494844420246,3.0504022416290737
instrument_error,0.6,0.4,1000,2533,4.074005165704721,3.25915643371155,3.0749956517201222
instrument_error,0.6,0.4,5000,2533,3.5868918996869765,2.7122096117652807,3.0231906122841656
instrument_error,0.6,0.4,10000,252,4.19629865381483,3.38423914331804,3.2560916929660557
instrument_error,0.6,0.4,50000,2533,7.47935383803741,6.030840684138279,6.068380149327548
instrument_error,0.6,0.4,100000,2533,7.006176754390881,5.39447579746165,5.781852612838801
instrument_error,0.8,0.0,100,2533,4.506989579740127,3.6098051734993977,3.5061703709753056
instrument_error,0.8,0.0,500,2533,4.266457355513957,3.3923894665478085,3.5701595129132415
instrument_error,0.8,0.0,1000,2533,4.458087671731521,3.614457802029143,3.3806972132579904
instrument_error,0.8,0.0,5000,2533,4.069132208866082,3.2616704819807163,3.3079376796812294
instrument_error,0.8,0.0,10000,382,4.4616529165284105,3.405114156909911,3.490581378990964
instrument_error,0.8,0.0,50000,2533,7.565426501510677,5.611172479655488,6.557678773369417
instrument_error,0.8,0.0,100000,2533,8.178867174304404,6.388927038160291,6.641890429888309
instrument_error,0.8,0.2,100,2533,4.638093576624178,3.769224964966689,3.5476781236419264
instrument_error,0.8,0.2,500,2533,4.590629698765973,3.833638043082856,3.4230862089444507
instrument_error,0.8,0.2,1000,2533,4.3059751891563085,3.519832242866924,3.3629218601518844
instrument_error,0.8,0.2,5000,2533,4.180209528220591,3.243892774942262,3.528540739768166
instrument_error,0.8,0.2,10000,243,4.438179649088584,3.709189814608045,3.48037910121982
instrument_error,0.8,0.2,50000,2533,7.779372612459098,5.940821524417052,6.624211081076971
instrument_error,0.8,0.2,100000,2533,6.980057830548683,5.096403889571704,6.5275531206264565
instrument_error,0.8,0.4,100,2533,4.123812268863133,3.370064984083235,3.298415314148545
instrument_error,0.8,0.4,500,2533,4.009491074413353,3.1361152993962516,3.128476377521694
instrument_error,0.8,0.4,1000,2533,4.170127689671912,3.3469126653335803,3.156263531289234
instrument_error,0.8,0.4,5000,2533,3.670890302224215,2.7721258089202827,3.1060747800269626
instrument_error,0.8,0.4,10000,251,4.298097020501277,3.4347492941370192,3.3535510889061215
instrument_error,0.8,0.4,50000,2533,7.654857715275121,6.183378939269705,6.223684931058436
instrument_error,0.8,0.4,100000,2533,7.1698172488723895,5.5316862341789665,5.931718137513479
instrument_error,0.9,0.0,100,2533,4.550222355538156,3.656614019294168,3.5442471289263584
instrument_error,0.9,0.0,500,2533,4.310462456082991,3.4259936989284987,3.6123031819943408
instrument_error,0.9,0.0,1000,2533,4.501909430691948,3.6529722796534703,3.415946628607168
instrument_error,0.9,0.0,5000,2533,4.110261393536036,3.299079801578222,3.3451771532100296
instrument_error,0.9,0.0,10000,388,4.463481214037317,3.370122578749634,3.5200963167773076
instrument_error,0.9,0.0,50000,2533,7.635951935127819,5.668756540819803,6.622889004504372
instrument_error,0.9,0.0,100000,2533,8.255530219936752,6.446627284125157,6.709135526617105
instrument_error,0.9,0.2,100,2533,4.680554258902529,3.811314408816993,3.583239629362844
instrument_error,0.9,0.2,500,2533,4.635018077098629,3.8705557628975535,3.4586333955554
instrument_error,0.9,0.2,1000,2533,4.34848354243987,3.5668407986899378,3.4006190615615632
instrument_error,0.9,0.2,5000,2533,4.22152782427178,3.270833785489884,3.567250862037145
instrument_error,0.9,0.2,10000,242,4.456971322198357,3.7090703827618032,3.502815574068861
instrument_error,0.9,0.2,50000,2533,7.851040707427057,5.9977775840480785,6.688902058354224
instrument_error,0.9,0.2,100000,2533,7.043899917371781,5.141269327744831,6.592233493006463
instrument_error,0.9,0.4,100,2533,4.157450408056169,3.4005725121312196,3.3281950243397436
instrument_error,0.9,0.4,500,2533,4.0440959587976755,3.1595180281649777,3.1588106680187353
instrument_error,0.9,0.4,1000,2533,4.20777843346495,3.3730380241922213,3.1871604351753247
instrument_error,0.9,0.4,5000,2533,3.7038691444985368,2.80143769392826,3.138265338971839
instrument_error,0.9,0.4,10000,248,4.33089387337388,3.4494733879028043,3.397625863837599
instrument_error,0.9,0.4,50000,2533,7.72188594048161,6.23960443508071,6.282549369384488
instrument_error,0.9,0.4,100000,2533,7.232756530825928,5.581748935435249,5.988671131816862
instrument_error,0.95,0.0,100,2533,4.56963449020289,3.68665802302158,3.559852830966926
instrument_error,0.95,0.0,500,2533,4.3303738512921335,3.439227357268952,3.629718118369443
instrument_error,0.95,0.0,1000,2533,4.522122567591927,3.670579907432357,3.431947670294985
instrument_error,0.95,0.0,5000,2533,4.128376442127105,3.3073445075315147,3.360929277010158
instrument_error,0.95,0.0,10000,347,4.673633678798193,3.556909537964531,3.610019537557853
instrument_error,0.95,0.0,50000,2533,7.667686190998283,5.696646858610443,6.652376538432937
instrument_error,0.95,0.0,100000,2533,8.289927771127436,6.476616934963402,6.739257371499074
instrument_error,0.95,0.2,100,2533,4.698877833135709,3.812656213327732,3.599377883642137
instrument_error,0.95,0.2,500,2533,4.65539866735043,3.8974969247744777,3.4748961225116775
instrument_error,0.95,0.2,1000,2533,4.367644953338593,3.5854743628262615,3.416574655763359
instrument_error,0.95,0.2,5000,2533,4.240541187078903,3.2888480771550426,3.5857954711683404
instrument_error,0.95,0.2,10000,186,4.166126085977697,3.6272415950546057,3.0678158734045673
instrument_error,0.95,0.2,50000,2533,7.883024203814538,6.024867143402627,6.717710102060871
instrument_error,0.95,0.2,100000,2533,7.07225275409666,5.158956787176856,6.62043587976958
instrument_error,0.95,0.4,100,2533,4.17299403826017,3.3989153596030337,3.3402521918724375
instrument_error,0.95,0.4,500,2533,4.060062554462897,3.1813325359187177,3.1713699347185744
instrument_error,0.95,0.4,1000,2533,4.224286109756166,3.3816046692226363,3.2007803657318203
instrument_error,0.95,0.4,5000,2533,3.7186245456338773,2.8106873965453163,3.152922714572091
instrument_error,0.95,0.4,10000,205,4.26565942974172,3.0618934788251257,3.4463216857143872
instrument_error,0.95,0.4,50000,2533,7.751998877837556,6.263359502919789,6.308724267929864
instrument_error,0.95,0.4,100000,2533,7.260951884091736,5.604459473840065,6.0141386065099605
instrument_error,0.97,0.0,100,2533,4.576897248533319,3.6892694859252537,3.565559506495758
instrument_error,0.97,0.0,500,2533,4.337894546573914,3.453553578251523,3.637489480547606
instrument_error,0.97,0.0,1000,2533,4.529557208606352,3.678722429651309,3.4376683035700517
instrument_error,0.97,0.0,5000,2533,4.135195334792304,3.3138641307953485,3.366589629970211
instrument_error,0.97,0.0,10000,347,4.68146757340334,3.558696697693579,3.616549187537303
instrument_error,0.97,0.0,50000,2533,7.6796620577654195,5.704233874586503,6.6634223221536075
instrument_error,0.97,0.0,100000,2533,8.303015385840203,6.488749325858456,6.7505986051909534
instrument_error,0.97,0.2,100,2533,4.70669413659249,3.839690849703387,3.6082564593514546
instrument_error,0.97,0.2,500,2533,4.66278617279633,3.908984875255427,3.481671558265507
instrument_error,0.97,0.2,1000,2533,4.3747910031679105,3.5890255790908743,3.422570771054012
instrument_error,0.97,0.2,5000,2533,4.247676648912705,3.2964287313831417,3.5925155632164656
instrument_error,0.97,0.2,10000,189,4.207068011634364,3.5917380689400735,3.127298376615598
instrument_error,0.97,0.2,50000,2533,7.895381368671033,6.036485215574944,6.7289523965952664
instrument_error,0.97,0.2,100000,2533,7.083096312960024,5.16594142656188,6.631298273697015
instrument_error,0.97,0.4,100,2533,4.177843647931622,3.401735158555705,3.3439280562507196
instrument_error,0.97,0.4,500,2533,4.066230261923773,3.192046774093549,3.1767767813612022
instrument_error,0.97,0.4,1000,2533,4.23120710453712,3.3852538305305195,3.207028853681912
instrument_error,0.97,0.4,5000,2533,3.7242166246560306,2.8165129010579206,3.1585014320691966
instrument_error,0.97,0.4,10000,205,4.271821059530597,3.0631222522307553,3.4518921897264425
instrument_error,0.97,0.4,50000,2533,7.763462498722583,6.273074831265591,6.318560431088989
instrument_error,0.97,0.4,100000,2533,7.271644638213804,5.612342208556306,6.023756368340502
instrument_error,0.99,0.0,100,2533,4.5839430598419515,3.701143606705946,3.5705954067848693
instrument_error,0.99,0.0,500,2533,4.344557392305567,3.452886596020808,3.6441069937494808
instrument_error,0.99,0.0,1000,2533,4.536727241385649,3.684750965140102,3.4425560545899314
instrument_error,0.99,0.0,5000,2533,4.141972094459112,3.3219491776798953,3.3724288693677367
instrument_error,0.99,0.0,10000,344,4.692810869166601,3.5686648341918925,3.6320151897677144
instrument_error,0.99,0.0,50000,2533,7.691475171583369,5.712672896317036,6.674363567000447
instrument_error,0.99,0.0,100000,2533,8.315667822219835,6.4982615470937874,6.761490666803736
instrument_error,0.99,0.2,100,2533,4.713461577320421,3.83976362404878,3.612524200457607
instrument_error,0.99,0.2,500,2533,4.6708971256248,3.91091051213158,3.4888757553271623
instrument_error,0.99,0.2,1000,2533,4.38220649862161,3.5918471394149285,3.429022935050343
instrument_error,0.99,0.2,5000,2533,4.254606390055352,3.3037444986280637,3.5985234632489096
instrument_error,0.99,0.2,10000,191,4.176338806129078,3.550262438330152,3.136634152628569
instrument_error,0.99,0.2,50000,2533,7.907334341452379,6.0469439800174465,6.739777369671508
instrument_error,0.99,0.2,100000,2533,7.093739663655775,5.173926724608141,6.642130128563215
instrument_error,0.99,0.4,100,2533,4.185334937239156,3.4116056652597524,3.352348599140814
instrument_error,0.99,0.4,500,2533,4.071718536010434,3.195292753430838,3.1817111155206774
instrument_error,0.99,0.4,1000,2533,4.237673973441046,3.391672074116879,3.212690709387285
instrument_error,0.99,0.4,5000,2533,3.7297144106710514,2.821063623410173,3.1638905139429148
instrument_error,0.99,0.4,10000,205,4.277845128100741,3.063311092096414,3.457768808751452
instrument_error,0.99,0.4,50000,2533,7.7746747031948,6.283295850744067,6.328104378573785
instrument_error,0.99,0.4,100000,2533,7.281991004196367,5.6218648515336165,6.032967803245428
